{
  "cols": 187,
  "data_max": [
    0.36399999260902405,
    0.35199999809265137,
    0.25200000405311584,
    0.5580000281333923,
    0.6589999794960022,
    0.6190000176429749,
    0.3089999854564667,
    0.25699999928474426,
    0.35600000619888306,
    0.3709999918937683,
    0.45100000500679016,
    0.41200000047683716,
    0.0,
    0.0,
    0.0,
    0.921999990940094,
    1.0,
    0.6119999885559082,
    3.0380001068115234,
    2.0420000553131104,
    2.4570000171661377,
    0.41600000858306885,
    0.48500001430511475,
    0.49000000953674316,
    0.6579999923706055,
    0.6650000214576721,
    0.6480000019073486,
    1.0,
    0.34599998593330383,
    0.2770000100135803,
    0.2840000092983246,
    0.6759999990463257,
    0.6850000023841858,
    0.6990000009536743,
    0.414000004529953,
    0.3100000023841858,
    0.5740000009536743,
    0.6700000166893005,
    0.6050000190734863,
    0.628000020980835,
    0.0,
    0.0,
    0.0,
    1.0,
    1.0,
    0.5640000104904175,
    1.8259999752044678,
    2.2309999465942383,
    2.056999921798706,
    0.42899999022483826,
    0.453000009059906,
    0.4650000035762787,
    0.7490000128746033,
    0.5049999952316284,
    0.6700000166893005,
    1.0,
    0.26499998569488525,
    0.2759999930858612,
    0.3370000123977661,
    0.6539999842643738,
    0.6779999732971191,
    0.6840000152587891,
    0.32499998807907104,
    0.3140000104904175,
    0.32899999618530273,
    0.2770000100135803,
    0.6460000276565552,
    0.6370000243186951,
    0.0,
    0.0,
    0.0,
    1.0,
    1.0,
    0.6700000166893005,
    3.0160000324249268,
    2.005000114440918,
    2.946000099182129,
    0.4830000102519989,
    0.44200000166893005,
    0.49900001287460327,
    0.6399999856948853,
    0.6190000176429749,
    0.5820000171661377,
    1.0,
    0.3619999885559082,
    0.3319999873638153,
    0.2919999957084656,
    0.6970000267028809,
    0.675000011920929,
    0.6859999895095825,
    0.36800000071525574,
    0.4059999883174896,
    0.289000004529953,
    0.5519999861717224,
    0.5389999747276306,
    0.5600000023841858,
    0.0,
    0.0,
    0.0,
    0.824999988079071,
    0.9449999928474426,
    0.6359999775886536,
    2.2320001125335693,
    2.6040000915527344,
    2.2669999599456787,
    0.4729999899864197,
    0.49900001287460327,
    0.4399999976158142,
    0.6520000100135803,
    0.5090000033378601,
    0.5910000205039978,
    1.0,
    0.26100000739097595,
    0.38600000739097595,
    0.2919999957084656,
    0.6980000138282776,
    0.6150000095367432,
    0.652999997138977,
    0.3479999899864197,
    0.5299999713897705,
    0.3700000047683716,
    0.7649999856948853,
    0.5260000228881836,
    0.5600000023841858,
    0.0,
    0.0,
    0.0,
    0.875,
    1.0,
    0.7710000276565552,
    3.0850000381469727,
    1.6139999628067017,
    2.486999988555908,
    0.4740000069141388,
    0.48100000619888306,
    0.4740000069141388,
    0.5929999947547913,
    0.6990000009536743,
    0.5580000281333923,
    1.0,
    1.8899999856948853,
    5.0,
    13.0,
    40.0,
    0.7820000052452087,
    0.7730000019073486,
    0.47699999809265137,
    0.4950000047683716,
    0.3880000114440918,
    0.35499998927116394,
    0.6200000047683716,
    0.6200000047683716,
    0.33799999952316284,
    0.4000000059604645,
    0.2939999997615814,
    0.31299999356269836,
    1786.0,
    13167.0,
    4449.0,
    -21.799999237060547,
    17.079999923706055,
    17.950000762939453,
    64.5199966430664,
    63.720001220703125,
    0.3440000116825104,
    0.3799999952316284,
    0.0820000022649765,
    0.0949999988079071,
    0.6230000257492065,
    0.6489999890327454,
    0.2879999876022339,
    0.29499998688697815,
    0.17100000381469727,
    0.164000004529953,
    0.6399999856948853,
    0.6399999856948853,
    170.3000030517578,
    161.0,
    -5.400000095367432,
    0.6399999856948853,
    0.4410000145435333,
    12.800000190734863,
    32.0,
    236.0,
    80.0,
    -6.5,
    -17.299999237060547
  ],
  "data_min": [
    0.04899999871850014,
    0.07000000029802322,
    0.07900000363588333,
    0.020999999716877937,
    0.029999999329447746,
    0.09300000220537186,
    0.04800000041723251,
    0.03500000014901161,
    0.03400000184774399,
    0.026000000536441803,
    0.027000000700354576,
    0.020999999716877937,
    0.0,
    0.0,
    0.0,
    0.09099999815225601,
    0.0860000029206276,
    0.05000000074505806,
    0.4309999942779541,
    0.21400000154972076,
    0.27799999713897705,
    0.004999999888241291,
    0.050999999046325684,
    0.09399999678134918,
    0.09099999815225601,
    0.10400000214576721,
    0.09000000357627869,
    0.3499999940395355,
    0.05900000035762787,
    0.09099999815225601,
    0.050999999046325684,
    0.08500000089406967,
    0.024000000208616257,
    0.11800000071525574,
    0.04100000113248825,
    0.0430000014603138,
    0.03500000014901161,
    0.07100000232458115,
    0.07500000298023224,
    0.06800000369548798,
    0.0,
    0.0,
    0.0,
    0.05000000074505806,
    0.07900000363588333,
    0.05000000074505806,
    0.2750000059604645,
    0.3230000138282776,
    0.5609999895095825,
    0.003000000026077032,
    0.012000000104308128,
    0.02500000037252903,
    0.08100000023841858,
    0.1420000046491623,
    0.0820000022649765,
    0.30000001192092896,
    0.08500000089406967,
    0.06300000101327896,
    0.03700000047683716,
    0.02199999988079071,
    0.03799999877810478,
    0.14399999380111694,
    0.04699999839067459,
    0.039000000804662704,
    0.03999999910593033,
    0.06599999964237213,
    0.026000000536441803,
    0.03400000184774399,
    0.0,
    0.0,
    0.0,
    0.05000000074505806,
    0.0989999994635582,
    0.05000000074505806,
    0.33899998664855957,
    0.24199999868869781,
    0.39500001072883606,
    0.02800000086426735,
    0.04100000113248825,
    0.024000000208616257,
    0.15000000596046448,
    0.09200000017881393,
    0.08399999886751175,
    0.4000000059604645,
    0.08799999952316284,
    0.054999999701976776,
    0.09600000083446503,
    0.017999999225139618,
    0.017999999225139618,
    0.050999999046325684,
    0.028999999165534973,
    0.05000000074505806,
    0.04399999976158142,
    0.0430000014603138,
    0.02500000037252903,
    0.02500000037252903,
    0.0,
    0.0,
    0.0,
    0.05000000074505806,
    0.08100000023841858,
    0.05000000074505806,
    0.2540000081062317,
    0.3619999885559082,
    0.4480000138282776,
    0.05700000002980232,
    0.02800000086426735,
    0.00800000037997961,
    0.12399999797344208,
    0.09099999815225601,
    0.10999999940395355,
    0.4000000059604645,
    0.07000000029802322,
    0.054999999701976776,
    0.06400000303983688,
    0.0430000014603138,
    0.013000000268220901,
    0.09000000357627869,
    0.027000000700354576,
    0.027000000700354576,
    0.04399999976158142,
    0.03099999949336052,
    0.027000000700354576,
    0.028999999165534973,
    0.0,
    0.0,
    0.0,
    0.05000000074505806,
    0.12399999797344208,
    0.05000000074505806,
    0.2329999953508377,
    0.3109999895095825,
    0.2809999883174896,
    0.05400000140070915,
    0.010999999940395355,
    0.0020000000949949026,
    0.11900000274181366,
    0.10300000011920929,
    0.13500000536441803,
    0.30000001192092896,
    1.440000057220459,
    5.0,
    7.0,
    25.0,
    0.3140000104904175,
    0.33799999952316284,
    0.0989999994635582,
    0.0,
    0.11800000071525574,
    0.10300000011920929,
    0.3799999952316284,
    0.3799999952316284,
    0.009999999776482582,
    0.012000000104308128,
    0.10899999737739563,
    0.09200000017881393,
    102.0,
    2310.0,
    612.0,
    -32.79999923706055,
    2.0299999713897705,
    1.9700000286102295,
    15.449999809265137,
    18.239999771118164,
    0.004999999888241291,
    0.003000000026077032,
    0.027000000700354576,
    0.028999999165534973,
    0.27000001072883606,
    0.2709999978542328,
    0.00800000037997961,
    0.004999999888241291,
    0.0560000017285347,
