{
  "cols": 8,
  "data": {
    "pair_0": [
      1.6163090467453003,
      0.007825000211596489,
      0.012613999657332897,
      0.03322400152683258,
      -0.044920001178979874,
      -0.0364999994635582,
      0.004110999871045351,
      0.019999999552965164
    ],
    "pair_1": [
      2.9688220024108887,
      0.05073900148272514,
      -0.00672199996188283,
      0.028812000527977943,
      -0.08267699927091599,
      -0.061872001737356186,
      -0.004449999891221523,
      0.019999999552965164
    ],
    "pair_10": [
      2.00296688079834,
      0.032072000205516815,
      -0.022993000224232674,
      0.01662999950349331,
      -0.031982000917196274,
      -0.04437899962067604,
      -0.010227000340819359,
      0.019999999552965164
    ],
    "pair_11": [
      -1.2879040241241455,
      -0.013880000449717045,
      -0.004044999834150076,
      -0.022881999611854553,
      0.009364999830722809,
      0.02131599932909012,
      0.0012880000285804272,
      0.019999999552965164
    ],
    "pair_12": [
      0.6328459978103638,
      0.012880000285804272,
      -0.0076430002227425575,
      0.0073830001056194305,
      -0.025220999494194984,
      -0.0178810004144907,
      4.600000102072954e-05,
      0.019999999552965164
    ],
    "pair_13": [
      -1.1224689483642578,
      -0.010976999998092651,
      -0.006037000101059675,
      -0.01054100040346384,
      0.013244000263512135,
      0.020431999117136,
      0.006132000125944614,
      0.019999999552965164
    ],
    "pair_14": [
      3.5753910541534424,
      0.06274300068616867,
      -0.011195000261068344,
      0.03717900067567825,
      -0.10662300139665604,
      -0.08068100363016129,
      -0.007437000051140785,
      0.019999999552965164
    ],
    "pair_15": [
      -0.9197189807891846,
      -0.01703999936580658,
      0.002131999935954809,
      -0.011222000233829021,
      0.010226000100374222,
      0.016658000648021698,
      0.00023200000578071922,
      0.019999999552965164
    ],
    "pair_2": [
      -1.392084002494812,
      -0.024677999317646027,
      -0.006938999984413385,
      -0.018756000325083733,
      0.016092000529170036,
      0.02398199960589409,
      -0.0001049999991664663,
      0.019999999552965164
    ],
    "pair_3": [
      -1.1990809440612793,
      -0.013775000348687172,
      0.007038000039756298,
      -0.004627999849617481,
      0.018074000254273415,
      0.02437400072813034,
      0.01930299960076809,
      0.019999999552965164
    ],
    "pair_4": [
      0.046170998364686966,
      0.00737100001424551,
      -0.021477999165654182,
      -0.0022640000097453594,
      -0.012125999666750431,
      -0.0021510000806301832,
      -0.006146000232547522,
      0.019999999552965164
    ],
    "pair_5": [
      2.1440749168395996,
      0.0338749997317791,
      -0.0018739999504759908,
      0.024486999958753586,
      -0.0624070018529892,
      -0.04607199877500534,
      0.0004830000107176602,
      0.019999999552965164
    ],
    "pair_6": [
      1.2300900220870972,
      0.020698999986052513,
      -0.007017000112682581,
      0.011486000381410122,
      -0.039204999804496765,
      -0.027799999341368675,
      -0.0010100000072270632,
      0.019999999552965164
    ],
    "pair_7": [
      0.4054200053215027,
      0.009680000133812428,
      0.008364000357687473,
      0.01406800001859665,
      -0.008186000399291515,
      -0.014058000408113003,
      0.016613999381661415,
      0.019999999552965164
    ],
    "pair_8": [
      0.6218129992485046,
      0.02658900059759617,
      -0.02284100092947483,
      -0.0009069999796338379,
      -0.032690998166799545,
      -0.033087000250816345,
      -0.007302999962121248,
      0.019999999552965164
    ],
    "pair_9": [
      1.1036499738693237,
      0.03136099874973297,
      0.011334000155329704,
      0.027154000476002693,
      -0.05735800042748451,
      -0.04461599886417389,
      0.01796800084412098,
      0.019999999552965164
    ]
  }
}
