{
  "cols": 8,
  "data_max": [
    3.5753910541534424,
    0.06274300068616867,
    0.012613999657332897,
    0.03717900067567825,
    0.018074000254273415,
    0.02437400072813034,
    0.01930299960076809,
    0.019999999552965164
  ],
  "data_min": [
    -1.392084002494812,
    -0.024677999317646027,
    -0.022993000224232674,
    -0.022881999611854553,
    -0.10662300139665604,
    -0.08068100363016129,
    -0.010227000340819359,
    0.019999999552965164
  ],
  "max": 1.0,
  "min": 0.0
}
