{
  "cols": 144,
  "data_max": [
    0.3050000071525574,
    0.17900000512599945,
    1.2680000066757202,
    1.0,
    0.777999997138977,
    0.6439999938011169,
    0.4059999883174896,
    0.2939999997615814,
    0.15000000596046448,
    0.8140000104904175,
    0.5460000038146973,
    0.7269999980926514,
    0.0,
    0.0,
    0.0,
    1.0,
    1.0,
    1.0,
    8.121999740600586,
    11.555999755859375,
    6.173999786376953,
    1.0,
    1.0,
    0.0,
    1.0,
    0.8659999966621399,
    0.5,
    1.0,
    0.10899999737739563,
    0.14399999380111694,
    1.180999994277954,
    1.0,
    0.8199999928474426,
    0.6439999938011169,
    0.16099999845027924,
    0.6449999809265137,
    0.3919999897480011,
    0.7419999837875366,
    1.0,
    0.6389999985694885,
    0.0,
    1.0,
    0.0,
    1.0,
    1.0,
    1.0,
    11.555999755859375,
    7.2210001945495605,
    4.88100004196167,
    1.0,
    1.0,
    0.0010000000474974513,
    1.0,
    0.6489999890327454,
    0.5,
    1.0,
    0.21400000154972076,
    0.45100000500679016,
    2.322999954223633,
    1.0,
    0.6909999847412109,
    0.6650000214576721,
    0.1850000023841858,
    0.3919999897480011,
    0.23000000417232513,
    0.675000011920929,
    0.49000000953674316,
    0.9279999732971191,
    0.0,
    0.0,
    0.0,
    1.0,
    1.0,
    1.0,
    8.121999740600586,
    1.4490000009536743,
    3.430000066757202,
    1.0,
    1.0,
    0.0,
    1.0,
    0.5210000276565552,
    0.5,
    1.0,
    1.8760000467300415,
    0.2840000092983246,
    1.3140000104904175,
    1.0,
    0.8040000200271606,
    0.6389999985694885,
    0.16699999570846558,
    0.26499998569488525,
    0.17900000512599945,
    0.8140000104904175,
    0.6290000081062317,
    0.7580000162124634,
    0.0,
    0.0,
    0.0,
    1.0,
    1.0,
    1.0,
    4.88100004196167,
    1.9819999933242798,
    6.173999786376953,
    1.0,
    1.0,
    0.0,
    1.0,
    0.5619999766349792,
    0.5,
    1.0,
    0.7170000076293945,
    0.3400000035762787,
    1.1390000581741333,
    1.0,
    0.7319999933242798,
    0.6600000262260437,
    0.5590000152587891,
    0.5389999747276306,
    0.6000000238418579,
    0.5820000171661377,
    0.675000011920929,
    0.8560000061988831,
    0.0,
    0.0,
    0.0,
    1.0,
    1.0,
    1.0,
    5.488999843597412,
    6.421000003814697,
    3.171999931335449,
    1.0,
    1.0,
    0.0,
    1.0,
    0.6959999799728394,
    0.5,
    1.0,
    1.7999999523162842,
    5.0,
    14.5,
    47.5
  ],
  "data_min": [
    0.01600000075995922,
    0.02199999988079071,
    0.014000000432133675,
    0.0,
    0.0,
    0.0,
    0.012000000104308128,
    0.009999999776482582,
    0.012000000104308128,
    0.0,
    0.0,
    0.0,
    0.0,
    0.0,
    0.0,
    0.14399999380111694,
    0.09300000220537186,
    0.20100000500679016,
    0.11800000071525574,
    0.02199999988079071,
    0.027000000700354576,
    -0.453000009059906,
    0.0,
    0.0,
    0.08799999952316284,
    0.0,
    0.0,
    1.0,
    0.023000000044703484,
    -0.9750000238418579,
    0.03200000151991844,
    0.0,
    0.0,
    0.0,
    0.014999999664723873,
    0.01600000075995922,
    0.013000000268220901,
    0.0,
    0.07199999690055847,
    0.0,
    0.0,
    0.0,
    0.0,
    0.11299999803304672,
    0.0820000022649765,
    0.11900000274181366,
    0.01899999938905239,
    0.01899999938905239,
    0.027000000700354576,
    0.0,
    0.0,
    0.0,
    0.06700000166893005,
    -2.0,
    0.0,
    1.0,
    0.02199999988079071,
    0.039000000804662704,
    0.024000000208616257,
    0.0,
    0.0,
    0.0,
    0.014000000432133675,
    0.014999999664723873,
    0.014999999664723873,
    0.0,
    0.0,
    0.0,
    0.0,
    0.0,
    0.0,
    0.1860000044107437,
    0.10300000011920929,
    0.10300000011920929,
    0.01600000075995922,
    0.02800000086426735,
    0.023000000044703484,
    0.0,
    0.0,
    0.0,
    0.09300000220537186,
    0.0,
    0.0,
    1.0,
    0.014000000432133675,
    0.017999999225139618,
    0.02199999988079071,
    0.0,
    0.0,
    0.0,
    0.014000000432133675,
    0.01600000075995922,
    0.01600000075995922,
    0.0,
    0.0,
    0.0,
    0.0,
    0.0,
    0.0,
    0.04100000113248825,
    0.18000000715255737,
    0.19599999487400055,
    0.03500000014901161,
    0.03500000014901161,
    0.039000000804662704,
    0.0,
    0.0,
    0.0,
    0.09300000220537186,
    0.0,
    0.0,
    1.0,
    0.013000000268220901,
    0.024000000208616257,
    0.017000000923871994,
    0.0,
    0.0,
    0.0,
    0.01600000075995922,
    0.017999999225139618,
    0.017999999225139618,
    0.0,
    0.0,
    0.0,
    0.0,
    0.0,
    0.0,
    0.1599999964237213,
    0.17000000178813934,
    0.14399999380111694,
    0.02500000037252903,
    0.03500000014901161,
    0.04399999976158142,
    0.0,
    0.0,
    0.0,
    0.052000001072883606,
    0.0,
    0.0,
    1.0,
    1.7999999523162842,
    5.0,
    14.5,
    47.5
  ],
  "max": 1.0,
  "min": 0.0
}
